iface,filename,bytes,mtime_utc,first_pkt_epoch,first_pkt_utc,last_pkt_epoch,last_pkt_utc,pkts_estimate
tap0deb35ad-21,tap0deb35ad-21_20260313_090757Z_120s.pcap,63858,2026-03-13T09:09:57Z,1773392877.643610,2026-03-13T09:07:57Z,1773392996.745745,2026-03-13T09:09:56Z,532
tap0deb35ad-21,tap0deb35ad-21_20260313_090957Z_120s.pcap,61279,2026-03-13T09:11:57Z,1773392997.786106,2026-03-13T09:09:57Z,1773393117.241009,2026-03-13T09:11:57Z,510
tap0deb35ad-21,tap0deb35ad-21_20260313_091157Z_120s.pcap,62781,2026-03-13T09:13:57Z,1773393118.282035,2026-03-13T09:11:58Z,1773393237.259125,2026-03-13T09:13:57Z,523
tap0deb35ad-21,tap0deb35ad-21_20260313_091357Z_120s.pcap,64302,2026-03-13T09:15:57Z,1773393238.300330,2026-03-13T09:13:58Z,1773393357.383719,2026-03-13T09:15:57Z,535
tap0deb35ad-21,tap0deb35ad-21_20260313_091557Z_120s.pcap,71097,2026-03-13T09:17:57Z,1773393358.428114,2026-03-13T09:15:58Z,1773393477.786233,2026-03-13T09:17:57Z,592
tap0deb35ad-21,tap0deb35ad-21_20260313_091758Z_120s.pcap,68520,2026-03-13T09:19:57Z,1773393478.633389,2026-03-13T09:17:58Z,1773393597.898242,2026-03-13T09:19:57Z,571
tap0deb35ad-21,tap0deb35ad-21_20260313_091958Z_120s.pcap,66101,2026-03-13T09:21:58Z,1773393598.866604,2026-03-13T09:19:58Z,1773393717.948072,2026-03-13T09:21:57Z,550
tap0deb35ad-21,tap0deb35ad-21_20260313_092158Z_120s.pcap,64957,2026-03-13T09:23:58Z,1773393718.890119,2026-03-13T09:21:58Z,1773393837.741799,2026-03-13T09:23:57Z,541
tap0deb35ad-21,tap0deb35ad-21_20260313_092358Z_120s.pcap,63128,2026-03-13T09:25:58Z,1773393838.782162,2026-03-13T09:23:58Z,1773393958.170797,2026-03-13T09:25:58Z,526
tap0deb35ad-21,tap0deb35ad-21_20260313_092558Z_120s.pcap,61395,2026-03-13T09:27:58Z,1773393959.213098,2026-03-13T09:25:59Z,1773394078.274816,2026-03-13T09:27:58Z,511
tap0deb35ad-21,tap0deb35ad-21_20260313_092758Z_120s.pcap,62473,2026-03-13T09:29:58Z,1773394079.316172,2026-03-13T09:27:59Z,1773394198.329076,2026-03-13T09:29:58Z,520
tap0deb35ad-21,tap0deb35ad-21_20260313_092959Z_120s.pcap,66015,2026-03-13T09:31:58Z,1773394199.370538,2026-03-13T09:29:59Z,1773394318.755133,2026-03-13T09:31:58Z,550
tap0deb35ad-21,tap0deb35ad-21_20260313_093159Z_120s.pcap,71309,2026-03-13T09:33:59Z,1773394319.607193,2026-03-13T09:31:59Z,1773394438.670286,2026-03-13T09:33:58Z,594
tap0deb35ad-21,tap0deb35ad-21_20260313_093359Z_120s.pcap,67454,2026-03-13T09:35:59Z,1773394439.553329,2026-03-13T09:33:59Z,1773394559.193295,2026-03-13T09:35:59Z,562
tap0deb35ad-21,tap0deb35ad-21_20260313_093559Z_120s.pcap,65688,2026-03-13T09:37:59Z,1773394560.167547,2026-03-13T09:36:00Z,1773394678.573070,2026-03-13T09:37:58Z,547
tap0deb35ad-21,tap0deb35ad-21_20260313_093759Z_120s.pcap,62896,2026-03-13T09:39:59Z,1773394680.509905,2026-03-13T09:38:00Z,1773394799.146650,2026-03-13T09:39:59Z,524
tap0deb35ad-21,tap0deb35ad-21_20260313_093959Z_120s.pcap,65042,2026-03-13T09:41:59Z,1773394800.186716,2026-03-13T09:40:00Z,1773394918.641123,2026-03-13T09:41:58Z,542
tap0deb35ad-21,tap0deb35ad-21_20260313_094159Z_120s.pcap,62050,2026-03-13T09:43:59Z,1773394920.782137,2026-03-13T09:42:00Z,1773395039.328692,2026-03-13T09:43:59Z,517
tap0deb35ad-21,tap0deb35ad-21_20260313_094400Z_120s.pcap,62166,2026-03-13T09:45:59Z,1773395040.369724,2026-03-13T09:44:00Z,1773395159.124765,2026-03-13T09:45:59Z,518
tap0deb35ad-21,tap0deb35ad-21_20260313_094600Z_120s.pcap,61853,2026-03-13T09:48:00Z,1773395161.265164,2026-03-13T09:46:01Z,1773395280.127969,2026-03-13T09:48:00Z,515
tap0deb35ad-21,tap0deb35ad-21_20260313_094800Z_120s.pcap,65823,2026-03-13T09:50:00Z,1773395281.214267,2026-03-13T09:48:01Z,1773395399.409413,2026-03-13T09:49:59Z,548
tap0deb35ad-21,tap0deb35ad-21_20260313_095000Z_120s.pcap,71425,2026-03-13T09:52:00Z,1773395401.551433,2026-03-13T09:50:01Z,1773395520.334207,2026-03-13T09:52:00Z,595
tap0deb35ad-21,tap0deb35ad-21_20260313_095200Z_120s.pcap,68171,2026-03-13T09:54:00Z,1773395521.183578,2026-03-13T09:52:01Z,1773395640.062671,2026-03-13T09:54:00Z,568
tap0deb35ad-21,tap0deb35ad-21_20260313_095400Z_120s.pcap,66015,2026-03-13T09:56:00Z,1773395640.984260,2026-03-13T09:54:00Z,1773395759.950423,2026-03-13T09:55:59Z,550
tap0deb35ad-21,tap0deb35ad-21_20260313_095601Z_120s.pcap,65264,2026-03-13T09:58:00Z,1773395761.885845,2026-03-13T09:56:01Z,1773395880.762927,2026-03-13T09:58:00Z,543
tap0deb35ad-21,tap0deb35ad-21_20260313_095801Z_120s.pcap,62473,2026-03-13T10:00:01Z,1773395881.710081,2026-03-13T09:58:01Z,1773396000.405313,2026-03-13T10:00:00Z,520
tap0deb35ad-21,tap0deb35ad-21_20260313_100001Z_120s.pcap,64176,2026-03-13T10:02:01Z,1773396001.448114,2026-03-13T10:00:01Z,1773396121.182619,2026-03-13T10:02:01Z,534
tap0deb35ad-21,tap0deb35ad-21_20260313_100201Z_120s.pcap,56428,2026-03-13T10:03:52Z,1773396122.225490,2026-03-13T10:02:02Z,1773396231.488406,2026-03-13T10:03:51Z,470
tap4905e3d3-de,tap4905e3d3-de_20260313_090757Z_120s.pcap,3520,2026-03-13T09:09:49Z,1773392884.117396,2026-03-13T09:08:04Z,1773392989.465920,2026-03-13T09:09:49Z,29
tap4905e3d3-de,tap4905e3d3-de_20260313_090957Z_120s.pcap,4613,2026-03-13T09:11:37Z,1773393007.406851,2026-03-13T09:10:07Z,1773393096.989185,2026-03-13T09:11:36Z,38
tap4905e3d3-de,tap4905e3d3-de_20260313_091157Z_120s.pcap,3270,2026-03-13T09:13:37Z,1773393131.255208,2026-03-13T09:12:11Z,1773393216.795278,2026-03-13T09:13:36Z,27
tap4905e3d3-de,tap4905e3d3-de_20260313_091357Z_120s.pcap,4941,2026-03-13T09:15:48Z,1773393250.792914,2026-03-13T09:14:10Z,1773393347.793997,2026-03-13T09:15:47Z,41
tap4905e3d3-de,tap4905e3d3-de_20260313_091557Z_120s.pcap,4757,2026-03-13T09:17:55Z,1773393375.041609,2026-03-13T09:16:15Z,1773393475.750505,2026-03-13T09:17:55Z,39
tap4905e3d3-de,tap4905e3d3-de_20260313_091758Z_120s.pcap,3386,2026-03-13T09:19:37Z,1773393479.184627,2026-03-13T09:17:59Z,1773393576.431943,2026-03-13T09:19:36Z,28
tap4905e3d3-de,tap4905e3d3-de_20260313_091958Z_120s.pcap,5317,2026-03-13T09:21:51Z,1773393600.334366,2026-03-13T09:20:00Z,1773393710.333379,2026-03-13T09:21:50Z,44
tap4905e3d3-de,tap4905e3d3-de_20260313_092158Z_120s.pcap,3386,2026-03-13T09:23:34Z,1773393740.210422,2026-03-13T09:22:20Z,1773393814.065835,2026-03-13T09:23:34Z,28
tap4905e3d3-de,tap4905e3d3-de_20260313_092358Z_120s.pcap,4893,2026-03-13T09:25:52Z,1773393845.909256,2026-03-13T09:24:05Z,1773393951.762541,2026-03-13T09:25:51Z,40
tap4905e3d3-de,tap4905e3d3-de_20260313_092558Z_120s.pcap,4497,2026-03-13T09:27:44Z,1773393984.635239,2026-03-13T09:26:24Z,1773394063.853269,2026-03-13T09:27:43Z,37
tap4905e3d3-de,tap4905e3d3-de_20260313_092758Z_120s.pcap,4545,2026-03-13T09:29:58Z,1773394090.982778,2026-03-13T09:28:10Z,1773394198.245627,2026-03-13T09:29:58Z,37
tap4905e3d3-de,tap4905e3d3-de_20260313_092959Z_120s.pcap,3373,2026-03-13T09:31:41Z,1773394219.968672,2026-03-13T09:30:19Z,1773394301.304242,2026-03-13T09:31:41Z,28
tap4905e3d3-de,tap4905e3d3-de_20260313_093159Z_120s.pcap,3878,2026-03-13T09:33:47Z,1773394328.681692,2026-03-13T09:32:08Z,1773394427.372984,2026-03-13T09:33:47Z,32
tap4905e3d3-de,tap4905e3d3-de_20260313_093359Z_120s.pcap,4825,2026-03-13T09:35:39Z,1773394449.146732,2026-03-13T09:34:09Z,1773394539.601755,2026-03-13T09:35:39Z,40
tap4905e3d3-de,tap4905e3d3-de_20260313_093559Z_120s.pcap,4497,2026-03-13T09:37:40Z,1773394570.296798,2026-03-13T09:36:10Z,1773394660.608737,2026-03-13T09:37:40Z,37
tap4905e3d3-de,tap4905e3d3-de_20260313_093759Z_120s.pcap,3780,2026-03-13T09:39:28Z,1773394690.681557,2026-03-13T09:38:10Z,1773394768.211128,2026-03-13T09:39:28Z,31
tap4905e3d3-de,tap4905e3d3-de_20260313_093959Z_120s.pcap,4893,2026-03-13T09:41:57Z,1773394802.808309,2026-03-13T09:40:02Z,1773394916.845284,2026-03-13T09:41:56Z,40
tap4905e3d3-de,tap4905e3d3-de_20260313_094159Z_120s.pcap,3550,2026-03-13T09:43:55Z,1773394943.001599,2026-03-13T09:42:23Z,1773395034.776024,2026-03-13T09:43:54Z,29
tap4905e3d3-de,tap4905e3d3-de_20260313_094400Z_120s.pcap,4729,2026-03-13T09:45:44Z,1773395040.236863,2026-03-13T09:44:00Z,1773395144.368993,2026-03-13T09:45:44Z,39
tap4905e3d3-de,tap4905e3d3-de_20260313_094600Z_120s.pcap,3270,2026-03-13T09:47:41Z,1773395174.782576,2026-03-13T09:46:14Z,1773395261.421851,2026-03-13T09:47:41Z,27
tap4905e3d3-de,tap4905e3d3-de_20260313_094800Z_120s.pcap,5337,2026-03-13T09:50:00Z,1773395289.432799,2026-03-13T09:48:09Z,1773395400.071080,2026-03-13T09:50:00Z,44
tap4905e3d3-de,tap4905e3d3-de_20260313_095000Z_120s.pcap,3762,2026-03-13T09:51:59Z,1773395413.806918,2026-03-13T09:50:13Z,1773395518.868127,2026-03-13T09:51:58Z,31
tap4905e3d3-de,tap4905e3d3-de_20260313_095200Z_120s.pcap,4613,2026-03-13T09:53:33Z,1773395523.484756,2026-03-13T09:52:03Z,1773395613.132790,2026-03-13T09:53:33Z,38
tap4905e3d3-de,tap4905e3d3-de_20260313_095400Z_120s.pcap,3782,2026-03-13T09:55:45Z,1773395642.336636,2026-03-13T09:54:02Z,1773395744.748769,2026-03-13T09:55:44Z,31
tap4905e3d3-de,tap4905e3d3-de_20260313_095601Z_120s.pcap,4921,2026-03-13T09:57:35Z,1773395764.110760,2026-03-13T09:56:04Z,1773395854.829697,2026-03-13T09:57:34Z,41
tap4905e3d3-de,tap4905e3d3-de_20260313_095801Z_120s.pcap,4777,2026-03-13T09:59:54Z,1773395884.048057,2026-03-13T09:58:04Z,1773395994.856074,2026-03-13T09:59:54Z,39
tap4905e3d3-de,tap4905e3d3-de_20260313_100001Z_120s.pcap,3318,2026-03-13T10:01:57Z,1773396025.381096,2026-03-13T10:00:25Z,1773396116.682726,2026-03-13T10:01:56Z,27
tap4905e3d3-de,tap4905e3d3-de_20260313_100201Z_120s.pcap,4497,2026-03-13T10:03:43Z,1773396122.092772,2026-03-13T10:02:02Z,1773396223.469140,2026-03-13T10:03:43Z,37
tap5cfefce2-e1,tap5cfefce2-e1_20260313_090757Z_120s.pcap,68158,2026-03-13T09:09:54Z,1773392880.232712,2026-03-13T09:08:00Z,1773392993.385598,2026-03-13T09:09:53Z,567
tap5cfefce2-e1,tap5cfefce2-e1_20260313_090957Z_120s.pcap,11277,2026-03-13T09:11:57Z,1773393003.245784,2026-03-13T09:10:03Z,1773393116.419527,2026-03-13T09:11:56Z,93
tap5cfefce2-e1,tap5cfefce2-e1_20260313_091157Z_120s.pcap,202656970,2026-03-13T09:13:54Z,1773393119.674048,2026-03-13T09:11:59Z,1773393234.044612,2026-03-13T09:13:54Z,1688808
tap5cfefce2-e1,tap5cfefce2-e1_20260313_091357Z_120s.pcap,809862,2026-03-13T09:15:57Z,1773393245.055358,2026-03-13T09:14:05Z,1773393356.181185,2026-03-13T09:15:56Z,6748
tap5cfefce2-e1,tap5cfefce2-e1_20260313_091557Z_120s.pcap,12337,2026-03-13T09:17:56Z,1773393367.189964,2026-03-13T09:16:07Z,1773393476.492663,2026-03-13T09:17:56Z,102
tap5cfefce2-e1,tap5cfefce2-e1_20260313_091758Z_120s.pcap,3340151,2026-03-13T09:19:58Z,1773393484.558172,2026-03-13T09:18:04Z,1773393598.143861,2026-03-13T09:19:58Z,27834
tap5cfefce2-e1,tap5cfefce2-e1_20260313_091958Z_120s.pcap,4575250,2026-03-13T09:21:52Z,1773393599.330541,2026-03-13T09:19:59Z,1773393712.287467,2026-03-13T09:21:52Z,38127
tap5cfefce2-e1,tap5cfefce2-e1_20260313_092158Z_120s.pcap,13593,2026-03-13T09:23:51Z,1773393728.179066,2026-03-13T09:22:08Z,1773393830.811277,2026-03-13T09:23:50Z,113
tap5cfefce2-e1,tap5cfefce2-e1_20260313_092358Z_120s.pcap,197236,2026-03-13T09:25:57Z,1773393839.183655,2026-03-13T09:23:59Z,1773393957.457423,2026-03-13T09:25:57Z,1643
tap5cfefce2-e1,tap5cfefce2-e1_20260313_092558Z_120s.pcap,18223,2026-03-13T09:27:50Z,1773393961.825591,2026-03-13T09:26:01Z,1773394069.704308,2026-03-13T09:27:49Z,151
tap5cfefce2-e1,tap5cfefce2-e1_20260313_092758Z_120s.pcap,9096,2026-03-13T09:29:55Z,1773394080.670177,2026-03-13T09:28:00Z,1773394195.164337,2026-03-13T09:29:55Z,75
tap5cfefce2-e1,tap5cfefce2-e1_20260313_092959Z_120s.pcap,196143,2026-03-13T09:31:55Z,1773394199.551958,2026-03-13T09:29:59Z,1773394315.074366,2026-03-13T09:31:55Z,1634
tap5cfefce2-e1,tap5cfefce2-e1_20260313_093159Z_120s.pcap,69055,2026-03-13T09:33:59Z,1773394324.088368,2026-03-13T09:32:04Z,1773394438.306138,2026-03-13T09:33:58Z,575
tap5cfefce2-e1,tap5cfefce2-e1_20260313_093359Z_120s.pcap,13186,2026-03-13T09:35:50Z,1773394443.044022,2026-03-13T09:34:03Z,1773394549.987908,2026-03-13T09:35:49Z,109
tap5cfefce2-e1,tap5cfefce2-e1_20260313_093559Z_120s.pcap,38623,2026-03-13T09:37:58Z,1773394559.837483,2026-03-13T09:35:59Z,1773394678.134121,2026-03-13T09:37:58Z,321
tap5cfefce2-e1,tap5cfefce2-e1_20260313_093759Z_120s.pcap,8697,2026-03-13T09:39:53Z,1773394688.106161,2026-03-13T09:38:08Z,1773394793.134619,2026-03-13T09:39:53Z,72
tap5cfefce2-e1,tap5cfefce2-e1_20260313_093959Z_120s.pcap,35175,2026-03-13T09:41:54Z,1773394801.893256,2026-03-13T09:40:01Z,1773394913.737217,2026-03-13T09:41:53Z,293
tap5cfefce2-e1,tap5cfefce2-e1_20260313_094159Z_120s.pcap,9162,2026-03-13T09:43:56Z,1773394921.395313,2026-03-13T09:42:01Z,1773395036.533297,2026-03-13T09:43:56Z,76
tap5cfefce2-e1,tap5cfefce2-e1_20260313_094400Z_120s.pcap,10055,2026-03-13T09:45:51Z,1773395046.430822,2026-03-13T09:44:06Z,1773395151.777627,2026-03-13T09:45:51Z,83
tap5cfefce2-e1,tap5cfefce2-e1_20260313_094600Z_120s.pcap,77580,2026-03-13T09:48:00Z,1773395162.786801,2026-03-13T09:46:02Z,1773395279.358171,2026-03-13T09:47:59Z,646
tap5cfefce2-e1,tap5cfefce2-e1_20260313_094800Z_120s.pcap,11898,2026-03-13T09:49:57Z,1773395284.461213,2026-03-13T09:48:04Z,1773395397.195771,2026-03-13T09:49:57Z,99
tap5cfefce2-e1,tap5cfefce2-e1_20260313_095000Z_120s.pcap,20055,2026-03-13T09:51:57Z,1773395402.220894,2026-03-13T09:50:02Z,1773395516.397096,2026-03-13T09:51:56Z,167
tap5cfefce2-e1,tap5cfefce2-e1_20260313_095200Z_120s.pcap,12091,2026-03-13T09:54:00Z,1773395525.411235,2026-03-13T09:52:05Z,1773395639.614189,2026-03-13T09:53:59Z,100
tap5cfefce2-e1,tap5cfefce2-e1_20260313_095400Z_120s.pcap,19350,2026-03-13T09:55:58Z,1773395649.344131,2026-03-13T09:54:09Z,1773395758.390288,2026-03-13T09:55:58Z,161
tap5cfefce2-e1,tap5cfefce2-e1_20260313_095601Z_120s.pcap,19430,2026-03-13T09:57:58Z,1773395764.341837,2026-03-13T09:56:04Z,1773395878.178675,2026-03-13T09:57:58Z,161
tap5cfefce2-e1,tap5cfefce2-e1_20260313_095801Z_120s.pcap,25162,2026-03-13T09:59:56Z,1773395888.616311,2026-03-13T09:58:08Z,1773395996.934584,2026-03-13T09:59:56Z,209
tap5cfefce2-e1,tap5cfefce2-e1_20260313_100001Z_120s.pcap,40707,2026-03-13T10:01:55Z,1773396002.416053,2026-03-13T10:00:02Z,1773396114.863425,2026-03-13T10:01:54Z,339
tap5cfefce2-e1,tap5cfefce2-e1_20260313_100201Z_120s.pcap,14025,2026-03-13T10:03:52Z,1773396125.873338,2026-03-13T10:02:05Z,1773396231.769064,2026-03-13T10:03:51Z,116
tap64df3304-c2,tap64df3304-c2_20260313_090757Z_120s.pcap,12264,2026-03-13T09:09:54Z,1773392880.232321,2026-03-13T09:08:00Z,1773392993.385688,2026-03-13T09:09:53Z,102
tap64df3304-c2,tap64df3304-c2_20260313_090957Z_120s.pcap,15170,2026-03-13T09:11:57Z,1773393003.245657,2026-03-13T09:10:03Z,1773393116.419635,2026-03-13T09:11:56Z,126
tap64df3304-c2,tap64df3304-c2_20260313_091157Z_120s.pcap,14662,2026-03-13T09:13:54Z,1773393119.673926,2026-03-13T09:11:59Z,1773393234.044549,2026-03-13T09:13:54Z,122
tap64df3304-c2,tap64df3304-c2_20260313_091357Z_120s.pcap,14055,2026-03-13T09:15:56Z,1773393245.054776,2026-03-13T09:14:05Z,1773393356.181121,2026-03-13T09:15:56Z,117
tap64df3304-c2,tap64df3304-c2_20260313_091557Z_120s.pcap,16510,2026-03-13T09:17:56Z,1773393367.189295,2026-03-13T09:16:07Z,1773393476.492779,2026-03-13T09:17:56Z,137
tap64df3304-c2,tap64df3304-c2_20260313_091758Z_120s.pcap,14156,2026-03-13T09:19:55Z,1773393480.685174,2026-03-13T09:18:00Z,1773393595.885042,2026-03-13T09:19:55Z,117
tap64df3304-c2,tap64df3304-c2_20260313_091958Z_120s.pcap,14453,2026-03-13T09:21:53Z,1773393599.330401,2026-03-13T09:19:59Z,1773393712.287577,2026-03-13T09:21:52Z,120
tap64df3304-c2,tap64df3304-c2_20260313_092158Z_120s.pcap,13429,2026-03-13T09:23:52Z,1773393728.178922,2026-03-13T09:22:08Z,1773393831.406154,2026-03-13T09:23:51Z,111
tap64df3304-c2,tap64df3304-c2_20260313_092358Z_120s.pcap,15877,2026-03-13T09:25:53Z,1773393839.183290,2026-03-13T09:23:59Z,1773393952.989081,2026-03-13T09:25:52Z,132
tap64df3304-c2,tap64df3304-c2_20260313_092558Z_120s.pcap,12836,2026-03-13T09:27:50Z,1773393963.951898,2026-03-13T09:26:03Z,1773394069.704188,2026-03-13T09:27:49Z,106
tap64df3304-c2,tap64df3304-c2_20260313_092758Z_120s.pcap,13481,2026-03-13T09:29:58Z,1773394080.669410,2026-03-13T09:28:00Z,1773394198.245576,2026-03-13T09:29:58Z,112
tap64df3304-c2,tap64df3304-c2_20260313_092959Z_120s.pcap,17945,2026-03-13T09:31:55Z,1773394199.551837,2026-03-13T09:29:59Z,1773394315.074312,2026-03-13T09:31:55Z,149
tap64df3304-c2,tap64df3304-c2_20260313_093159Z_120s.pcap,12779,2026-03-13T09:33:53Z,1773394324.088270,2026-03-13T09:32:04Z,1773394433.748756,2026-03-13T09:33:53Z,106
tap64df3304-c2,tap64df3304-c2_20260313_093359Z_120s.pcap,17311,2026-03-13T09:35:54Z,1773394443.043892,2026-03-13T09:34:03Z,1773394553.324910,2026-03-13T09:35:53Z,144
tap64df3304-c2,tap64df3304-c2_20260313_093559Z_120s.pcap,42616,2026-03-13T09:37:58Z,1773394559.837343,2026-03-13T09:35:59Z,1773394678.134064,2026-03-13T09:37:58Z,355
tap64df3304-c2,tap64df3304-c2_20260313_093759Z_120s.pcap,12019,2026-03-13T09:39:53Z,1773394680.300785,2026-03-13T09:38:00Z,1773394793.134742,2026-03-13T09:39:53Z,100
tap64df3304-c2,tap64df3304-c2_20260313_093959Z_120s.pcap,15725,2026-03-13T09:41:54Z,1773394801.893139,2026-03-13T09:40:01Z,1773394913.737323,2026-03-13T09:41:53Z,131
tap64df3304-c2,tap64df3304-c2_20260313_094159Z_120s.pcap,12224,2026-03-13T09:43:56Z,1773394921.395180,2026-03-13T09:42:01Z,1773395036.533249,2026-03-13T09:43:56Z,101
tap64df3304-c2,tap64df3304-c2_20260313_094400Z_120s.pcap,15196,2026-03-13T09:45:51Z,1773395045.543606,2026-03-13T09:44:05Z,1773395151.777578,2026-03-13T09:45:51Z,126
tap64df3304-c2,tap64df3304-c2_20260313_094600Z_120s.pcap,12190,2026-03-13T09:48:00Z,1773395162.786122,2026-03-13T09:46:02Z,1773395279.358069,2026-03-13T09:47:59Z,101
tap64df3304-c2,tap64df3304-c2_20260313_094800Z_120s.pcap,16187,2026-03-13T09:49:57Z,1773395284.461183,2026-03-13T09:48:04Z,1773395397.195711,2026-03-13T09:49:57Z,134
tap64df3304-c2,tap64df3304-c2_20260313_095000Z_120s.pcap,14839,2026-03-13T09:51:59Z,1773395408.205345,2026-03-13T09:50:08Z,1773395518.868323,2026-03-13T09:51:58Z,123
tap64df3304-c2,tap64df3304-c2_20260313_095200Z_120s.pcap,16216,2026-03-13T09:54:00Z,1773395521.517756,2026-03-13T09:52:01Z,1773395639.614052,2026-03-13T09:53:59Z,135
tap64df3304-c2,tap64df3304-c2_20260313_095400Z_120s.pcap,13534,2026-03-13T09:55:58Z,1773395642.336212,2026-03-13T09:54:02Z,1773395758.390216,2026-03-13T09:55:58Z,112
tap64df3304-c2,tap64df3304-c2_20260313_095601Z_120s.pcap,15559,2026-03-13T09:57:58Z,1773395764.110187,2026-03-13T09:56:04Z,1773395878.178593,2026-03-13T09:57:58Z,129
tap64df3304-c2,tap64df3304-c2_20260313_095801Z_120s.pcap,15492,2026-03-13T09:59:57Z,1773395884.047579,2026-03-13T09:58:04Z,1773395997.165105,2026-03-13T09:59:57Z,129
tap64df3304-c2,tap64df3304-c2_20260313_100001Z_120s.pcap,12224,2026-03-13T10:02:00Z,1773396002.978349,2026-03-13T10:00:02Z,1773396120.045134,2026-03-13T10:02:00Z,101
tap64df3304-c2,tap64df3304-c2_20260313_100201Z_120s.pcap,14578,2026-03-13T10:03:52Z,1773396125.872823,2026-03-13T10:02:05Z,1773396231.768988,2026-03-13T10:03:51Z,121
tap725b1265-d7,tap725b1265-d7_20260313_090757Z_120s.pcap,63858,2026-03-13T09:09:57Z,1773392877.643737,2026-03-13T09:07:57Z,1773392996.745892,2026-03-13T09:09:56Z,532
tap725b1265-d7,tap725b1265-d7_20260313_090957Z_120s.pcap,61491,2026-03-13T09:11:57Z,1773392997.786229,2026-03-13T09:09:57Z,1773393117.241129,2026-03-13T09:11:57Z,512
tap725b1265-d7,tap725b1265-d7_20260313_091157Z_120s.pcap,62569,2026-03-13T09:13:57Z,1773393118.282162,2026-03-13T09:11:58Z,1773393237.259253,2026-03-13T09:13:57Z,521
tap725b1265-d7,tap725b1265-d7_20260313_091357Z_120s.pcap,64726,2026-03-13T09:15:57Z,1773393238.300449,2026-03-13T09:13:58Z,1773393357.383836,2026-03-13T09:15:57Z,539
tap725b1265-d7,tap725b1265-d7_20260313_091557Z_120s.pcap,71253,2026-03-13T09:17:57Z,1773393358.428242,2026-03-13T09:15:58Z,1773393477.732786,2026-03-13T09:17:57Z,593
tap725b1265-d7,tap725b1265-d7_20260313_091758Z_120s.pcap,67665,2026-03-13T09:19:57Z,1773393478.633521,2026-03-13T09:17:58Z,1773393597.898192,2026-03-13T09:19:57Z,563
tap725b1265-d7,tap725b1265-d7_20260313_091958Z_120s.pcap,65919,2026-03-13T09:21:58Z,1773393598.866728,2026-03-13T09:19:58Z,1773393717.948177,2026-03-13T09:21:57Z,549
tap725b1265-d7,tap725b1265-d7_20260313_092158Z_120s.pcap,64841,2026-03-13T09:23:58Z,1773393718.890226,2026-03-13T09:21:58Z,1773393837.741936,2026-03-13T09:23:57Z,540
tap725b1265-d7,tap725b1265-d7_20260313_092358Z_120s.pcap,354685,2026-03-13T09:25:58Z,1773393838.782287,2026-03-13T09:23:58Z,1773393958.170927,2026-03-13T09:25:58Z,2955
tap725b1265-d7,tap725b1265-d7_20260313_092558Z_120s.pcap,334181,2026-03-13T09:27:58Z,1773393959.213231,2026-03-13T09:25:59Z,1773394078.274922,2026-03-13T09:27:58Z,2784
tap725b1265-d7,tap725b1265-d7_20260313_092758Z_120s.pcap,336814,2026-03-13T09:29:58Z,1773394079.316300,2026-03-13T09:27:59Z,1773394198.714334,2026-03-13T09:29:58Z,2806
tap725b1265-d7,tap725b1265-d7_20260313_092959Z_120s.pcap,342747,2026-03-13T09:31:58Z,1773394199.370689,2026-03-13T09:29:59Z,1773394318.794627,2026-03-13T09:31:58Z,2856
tap725b1265-d7,tap725b1265-d7_20260313_093159Z_120s.pcap,348861,2026-03-13T09:33:59Z,1773394319.607293,2026-03-13T09:31:59Z,1773394438.754179,2026-03-13T09:33:58Z,2907
tap725b1265-d7,tap725b1265-d7_20260313_093359Z_120s.pcap,344436,2026-03-13T09:35:59Z,1773394439.553423,2026-03-13T09:33:59Z,1773394559.193252,2026-03-13T09:35:59Z,2870
tap725b1265-d7,tap725b1265-d7_20260313_093559Z_120s.pcap,344528,2026-03-13T09:37:59Z,1773394560.167661,2026-03-13T09:36:00Z,1773394678.781682,2026-03-13T09:37:58Z,2871
tap725b1265-d7,tap725b1265-d7_20260313_093759Z_120s.pcap,352306,2026-03-13T09:39:59Z,1773394680.510022,2026-03-13T09:38:00Z,1773394799.146758,2026-03-13T09:39:59Z,2935
tap725b1265-d7,tap725b1265-d7_20260313_093959Z_120s.pcap,352852,2026-03-13T09:41:59Z,1773394800.186843,2026-03-13T09:40:00Z,1773394918.764076,2026-03-13T09:41:58Z,2940
tap725b1265-d7,tap725b1265-d7_20260313_094159Z_120s.pcap,350110,2026-03-13T09:43:59Z,1773394920.712821,2026-03-13T09:42:00Z,1773395039.328810,2026-03-13T09:43:59Z,2917
tap725b1265-d7,tap725b1265-d7_20260313_094400Z_120s.pcap,351142,2026-03-13T09:45:59Z,1773395040.369852,2026-03-13T09:44:00Z,1773395159.124878,2026-03-13T09:45:59Z,2926
tap725b1265-d7,tap725b1265-d7_20260313_094600Z_120s.pcap,350029,2026-03-13T09:48:00Z,1773395160.713100,2026-03-13T09:46:00Z,1773395280.127878,2026-03-13T09:48:00Z,2916
tap725b1265-d7,tap725b1265-d7_20260313_094800Z_120s.pcap,354847,2026-03-13T09:50:00Z,1773395280.713092,2026-03-13T09:48:00Z,1773395399.409541,2026-03-13T09:49:59Z,2957
tap725b1265-d7,tap725b1265-d7_20260313_095000Z_120s.pcap,359861,2026-03-13T09:52:00Z,1773395400.713988,2026-03-13T09:50:00Z,1773395520.334305,2026-03-13T09:52:00Z,2998
tap725b1265-d7,tap725b1265-d7_20260313_095200Z_120s.pcap,355493,2026-03-13T09:54:00Z,1773395520.789395,2026-03-13T09:52:00Z,1773395640.062778,2026-03-13T09:54:00Z,2962
tap725b1265-d7,tap725b1265-d7_20260313_095400Z_120s.pcap,350771,2026-03-13T09:56:00Z,1773395640.984369,2026-03-13T09:54:00Z,1773395760.712531,2026-03-13T09:56:00Z,2923
tap725b1265-d7,tap725b1265-d7_20260313_095601Z_120s.pcap,353884,2026-03-13T09:58:00Z,1773395761.885958,2026-03-13T09:56:01Z,1773395880.763000,2026-03-13T09:58:00Z,2949
tap725b1265-d7,tap725b1265-d7_20260313_095801Z_120s.pcap,351141,2026-03-13T10:00:01Z,1773395881.710195,2026-03-13T09:58:01Z,1773396000.751540,2026-03-13T10:00:00Z,2926
tap725b1265-d7,tap725b1265-d7_20260313_100001Z_120s.pcap,353200,2026-03-13T10:02:01Z,1773396001.448229,2026-03-13T10:00:01Z,1773396121.182740,2026-03-13T10:02:01Z,2943
tap725b1265-d7,tap725b1265-d7_20260313_100201Z_120s.pcap,344571,2026-03-13T10:03:59Z,1773396122.225627,2026-03-13T10:02:02Z,1773396240.288486,2026-03-13T10:04:00Z,2871
tap95f02918-fc,tap95f02918-fc_20260313_090757Z_120s.pcap,110,2026-03-13T09:08:13Z,1773392892.909478,2026-03-13T09:08:12Z,1773392892.909478,2026-03-13T09:08:12Z,0
tap95f02918-fc,tap95f02918-fc_20260313_090957Z_120s.pcap,24,2026-03-13T09:09:57Z,,,,,0
tap95f02918-fc,tap95f02918-fc_20260313_091157Z_120s.pcap,24,2026-03-13T09:11:57Z,,,,,0
tap95f02918-fc,tap95f02918-fc_20260313_091357Z_120s.pcap,24,2026-03-13T09:13:57Z,,,,,0
tap95f02918-fc,tap95f02918-fc_20260313_091557Z_120s.pcap,24,2026-03-13T09:15:58Z,,,,,0
tap95f02918-fc,tap95f02918-fc_20260313_091758Z_120s.pcap,24,2026-03-13T09:17:58Z,,,,,0
tap95f02918-fc,tap95f02918-fc_20260313_091958Z_120s.pcap,24,2026-03-13T09:19:58Z,,,,,0
tap95f02918-fc,tap95f02918-fc_20260313_092158Z_120s.pcap,110,2026-03-13T09:23:18Z,1773393798.327926,2026-03-13T09:23:18Z,1773393798.327926,2026-03-13T09:23:18Z,0
tap95f02918-fc,tap95f02918-fc_20260313_092358Z_120s.pcap,24,2026-03-13T09:23:58Z,,,,,0
tap95f02918-fc,tap95f02918-fc_20260313_092558Z_120s.pcap,24,2026-03-13T09:25:58Z,,,,,0
tap95f02918-fc,tap95f02918-fc_20260313_092758Z_120s.pcap,24,2026-03-13T09:27:59Z,,,,,0
tap95f02918-fc,tap95f02918-fc_20260313_092959Z_120s.pcap,468,2026-03-13T09:31:50Z,1773394305.103997,2026-03-13T09:31:45Z,1773394310.636986,2026-03-13T09:31:50Z,3
tap95f02918-fc,tap95f02918-fc_20260313_093159Z_120s.pcap,24,2026-03-13T09:31:59Z,,,,,0
tap95f02918-fc,tap95f02918-fc_20260313_093359Z_120s.pcap,24,2026-03-13T09:33:59Z,,,,,0
tap95f02918-fc,tap95f02918-fc_20260313_093559Z_120s.pcap,24,2026-03-13T09:35:59Z,,,,,0
tap95f02918-fc,tap95f02918-fc_20260313_093759Z_120s.pcap,24,2026-03-13T09:37:59Z,,,,,0
tap95f02918-fc,tap95f02918-fc_20260313_093959Z_120s.pcap,24,2026-03-13T09:39:59Z,,,,,0
tap95f02918-fc,tap95f02918-fc_20260313_094159Z_120s.pcap,24,2026-03-13T09:42:00Z,,,,,0
tap95f02918-fc,tap95f02918-fc_20260313_094400Z_120s.pcap,243,2026-03-13T09:45:08Z,1773395108.697518,2026-03-13T09:45:08Z,1773395108.697518,2026-03-13T09:45:08Z,2
tap95f02918-fc,tap95f02918-fc_20260313_094600Z_120s.pcap,24,2026-03-13T09:46:00Z,,,,,0
tap95f02918-fc,tap95f02918-fc_20260313_094800Z_120s.pcap,24,2026-03-13T09:48:00Z,,,,,0
tap95f02918-fc,tap95f02918-fc_20260313_095000Z_120s.pcap,24,2026-03-13T09:50:00Z,,,,,0
tap95f02918-fc,tap95f02918-fc_20260313_095200Z_120s.pcap,24,2026-03-13T09:52:00Z,,,,,0
tap95f02918-fc,tap95f02918-fc_20260313_095400Z_120s.pcap,24,2026-03-13T09:54:00Z,,,,,0
tap95f02918-fc,tap95f02918-fc_20260313_095601Z_120s.pcap,24,2026-03-13T09:56:01Z,,,,,0
tap95f02918-fc,tap95f02918-fc_20260313_095801Z_120s.pcap,24,2026-03-13T09:58:01Z,,,,,0
tap95f02918-fc,tap95f02918-fc_20260313_100001Z_120s.pcap,24,2026-03-13T10:00:01Z,,,,,0
tap95f02918-fc,tap95f02918-fc_20260313_100201Z_120s.pcap,24,2026-03-13T10:02:01Z,,,,,0
